a,t0,Kp,Ti,Td,beta,Jdi,Jdo,Jr,JdiNorm,JdoNorm,JrNorm,Ms
0.9,0.5,1.7283,1.7193,0.41946,0.7642,0.99486,1.258,1.7291,0,0.35833,1,1.59
