a,t0,Kp,Ti,Td,beta,Jdi,Jdo,Jr,JdiNorm,JdoNorm,JrNorm,Ms
0.3,1.4,0.50412,1.3131,0.60515,0.99973,2.85,2.9308,3.2049,0,0.049313,1,1.4121
0.3,1.4,0.5069,1.3364,0.59556,1,2.852,2.9253,3.1823,0.012172,0,0.39496,1.4143
0.3,1.4,0.49377,1.4524,0.5399,0.9998,3.0102,3.0376,3.1676,1,1,0,1.3999
