a,t0,Kp,Ti,Td,beta,Jdi,Jr,JdiNorm,JrNorm,Ms
0.2,1.7,0.45766,1.351,0.66554,1,3.2292,3.2998,3.5614,0,0,1,1.4182
0.2,1.7,0.45428,1.3663,0.6575,0.99965,3.2548,3.3188,3.5589,0.15419,0.1568,0.71755,1.4131
0.2,1.7,0.45436,1.365,0.65857,0.99847,3.2536,3.3182,3.5606,0.14739,0.15122,0.90609,1.4131
0.2,1.7,0.44996,1.4001,0.64151,0.99935,3.3017,3.3531,3.5541,0.4373,0.43854,0.18056,1.4057
0.2,1.7,0.44751,1.4782,0.6084,0.99918,3.3951,3.4215,3.5525,1,1,0,1.3997
