a,t0,Kp,Ti,Td,beta,Jdi,Jdo,Jr,JdiNorm,JdoNorm,JrNorm,Ms
0.9,1.1,0.89137,2.046,0.64219,0.99011,2.3179,2.3421,2.7887,0.58189,0.43315,0.93726,1.6
0.9,1.1,0.89109,2.0419,0.64323,0.98901,2.3154,2.3405,2.7919,0.57613,0.4277,0.97598,1.5999
0.9,1.1,0.89164,2.0501,0.64089,0.99108,2.3204,2.3436,2.7855,0.58743,0.43817,0.8984,1.6
0.9,1.1,0.89193,2.0542,0.63954,0.99162,2.3229,2.345,2.7823,0.59294,0.44311,0.85945,1.6
0.9,1.1,0.89217,2.0582,0.63842,0.99053,2.3256,2.3466,2.7793,0.59881,0.44879,0.82225,1.6
0.9,1.1,0.89253,2.0623,0.63672,0.99121,2.3279,2.3479,2.776,0.60398,0.453,0.7817,1.6
0.9,1.1,0.95385,1.9566,0.51183,0.85177,2.0561,2.2168,2.7938,0,0,1,1.6626
0.9,1.1,0.87963,2.2044,0.54645,0.91075,2.5061,2.5061,2.7122,1,1,0,1.5624
