a,t0,Kp,Ti,Td,beta,Jdi,Jdo,Jr,JdiNorm,JdoNorm,JrNorm,Ms
1,0.5,1.5403,1.6763,0.46425,0.84638,1.1318,1.4008,1.9426,0,0.00090239,0.98744,1.4725
1,0.5,1.5352,1.6785,0.46592,0.85593,1.1367,1.4005,1.9448,0.0081935,0,1,1.47
1,0.5,1.3479,2.3342,0.44362,0.9989,1.7317,1.7317,1.7711,1,1,0,1.3996
