a,t0,Kp,Ti,Td,beta,Jdi,Jdo,Jr,JdiNorm,JdoNorm,JrNorm,Ms
0.8,0.4,1.836,1.3777,0.42986,0.65523,0.81891,1.1495,1.6655,0,0.13561,1,1.5163
0.8,0.4,1.8398,1.5563,0.38353,0.62462,0.8494,1.1058,1.5833,0.050045,0,0.5857,1.5167
0.8,0.4,1.506,2.1508,0.38653,0.99973,1.4281,1.4281,1.467,1,1,0,1.3999
