a,t0,Kp,Ti,Td,beta,Jdi,Jr,JdiNorm,JrNorm,Ms
0,1.9,0.39977,1.3035,0.2974,0.98768,3.4039,3.4746,3.6011,0,0.35821,1,1.543
