a,t0,Kp,Ti,Td,beta,Jdi,Jdo,Jr,JdiNorm,JdoNorm,JrNorm,Ms
0.2,0.2,2.115,1.1644,0.1627,0.90648,0.55053,0.56301,0.74243,0.56764,0.0023652,0.28223,1.3996
0.2,0.2,2.3097,0.87133,0.13948,0.44641,0.37864,0.62124,0.87798,0,0.4928,1,1.4842
0.2,0.2,2.3938,0.97578,0.15542,0.70734,0.40762,0.56273,0.74441,0.095722,0,0.29269,1.4775
0.2,0.2,2.0598,1.4037,0.14431,0.99991,0.68146,0.68146,0.68913,1,1,0,1.4
