a,t0,Kp,Ti,Td,beta,Jdi,Jdo,Jr,JdiNorm,JdoNorm,JrNorm,Ms
0.2,1.4,0.63042,1.5421,0.54485,1,2.4957,2.527,2.7098,0.78307,0.7739,0.98644,1.6
0.2,1.4,0.63034,1.5456,0.54469,1,2.4996,2.5298,2.7082,0.79539,0.79089,0.97322,1.6
0.2,1.4,0.63027,1.5491,0.54451,1,2.5035,2.5326,2.7068,0.80795,0.80821,0.96131,1.6
0.2,1.4,0.6302,1.5527,0.54431,1,2.5075,2.5355,2.7055,0.82076,0.82587,0.95082,1.6
0.2,1.4,0.66397,1.4885,0.31783,0.99573,2.2499,2.401,2.7114,0,0,1,1.707
0.2,1.4,0.63014,1.5563,0.54409,1,2.5116,2.5384,2.7045,0.83385,0.84392,0.9418,1.6
0.2,1.4,0.64139,1.6444,0.41303,0.9998,2.5638,2.5638,2.5928,1,1,0,1.5999
