a,t0,Kp,Ti,Td,beta,Jdi,Jdo,Jr,JdiNorm,JdoNorm,JrNorm,Ms
0.9,1,0.96946,1.9624,0.50679,0.91608,2.0264,2.0695,2.6263,0.23024,0.025748,0.95081,1.6
0.9,1,0.96815,1.9555,0.50496,0.91702,2.0224,2.0747,2.631,0.22153,0.04188,0.97299,1.5999
0.9,1,0.95814,1.9895,0.49051,0.92476,2.0765,2.0983,2.6104,0.33919,0.11593,0.87473,1.6
0.9,1,1.0055,1.9234,0.50701,0.90967,1.9206,2.0613,2.6367,0,0,1,1.6378
0.9,1,0.97762,2.3269,0.55216,0.99879,2.3802,2.3802,2.4267,1,1,0,1.5991
