a,t0,Kp,Ti,Td,beta,Jdi,Jdo,Jr,JdiNorm,JdoNorm,JrNorm,Ms
0.9,1.2,0.89659,1.9902,0.51417,0.84431,2.222,2.3881,2.9576,0,0,1,1.6712
0.9,1.2,0.84892,2.3155,0.57998,0.99979,2.7276,2.7276,2.7745,1,1,0,1.5999
