a,t0,Kp,Ti,Td,beta,Jdi,Jdo,Jr,JdiNorm,JdoNorm,JrNorm,Ms
1,0.9,0.86229,1.8461,0.38883,0.96832,2.1553,2.3393,2.7151,0,0,1,1.5138
1,0.9,0.81839,2.1234,0.51086,0.98145,2.5946,2.5946,2.6804,1,1,0,1.3921
