a,t0,Kp,Ti,Td,beta,Jdi,Jdo,Jr,JdiNorm,JdoNorm,JrNorm,Ms
0.8,0.8,0.85345,1.5995,0.36128,0.95779,1.9289,2.1215,2.4741,0,0,1,1.501
0.8,0.8,0.84216,1.9422,0.46295,0.99545,2.3062,2.3062,2.3561,1,1,0,1.3982
