a,t0,Kp,Ti,Td,beta,Jdi,Jr,JdiNorm,JrNorm,Ms
1,1.3,0.87855,2.1149,0.54442,0.85027,2.4091,2.572,3.1679,0,0,1,1.6727
1,1.3,0.83143,2.4385,0.61781,0.99981,2.9328,2.9328,2.9837,1,1,0,1.5999
