a,t0,Kp,Ti,Td,beta,Jdi,Jdo,Jr,JdiNorm,JdoNorm,JrNorm,Ms
0.2,1.4,0.50275,1.3318,0.53867,0.99998,2.7897,2.8448,3.0354,1,0.91935,0,1.4111
0.2,1.4,0.5009,1.3211,0.54364,0.99995,2.7894,2.8477,3.0449,0.99342,1,0.95891,1.409
0.2,1.4,0.50731,1.2898,0.54682,0.99996,2.7382,2.8116,3.0453,0,0,1,1.4203
