a,t0,Kp,Ti,Td,beta,Jdi,Jdo,Jr,JdiNorm,JdoNorm,JrNorm,Ms
0,1,0.91013,1.257,0.21511,0.80412,1.3811,1.5526,1.7964,0,0,1,1.7414
0,1,0.82792,1.4118,0.25465,0.99876,1.7052,1.7052,1.7177,1,1,0,1.5992
