a,t0,Kp,Ti,Td,beta,Jdi,Jdo,Jr,JdiNorm,JdoNorm,JrNorm,Ms
0.7,0.5,1.2844,1.5374,0.39147,0.8502,1.2107,1.3349,1.7756,0.10185,0,0.17317,1.4477
0.7,0.5,1.1708,1.7798,0.42235,0.97894,1.5202,1.5202,1.7427,0.74165,0.5972,0.12058,1.3975
0.7,0.5,1.2714,0.98094,0.52714,0.80641,1.1615,1.6382,2.2938,0,0.97725,1,1.4709
0.7,0.5,1.1848,1.8692,0.38593,0.99508,1.5777,1.5777,1.6788,0.86042,0.78237,0.018569,1.3933
0.7,0.5,1.1681,1.9217,0.37699,0.99978,1.6452,1.6452,1.6671,1,1,0,1.3999
