a,t0,Kp,Ti,Td,beta,Jdi,Jdo,Jr,JdiNorm,JdoNorm,JrNorm,Ms
0.4,0.3,1.9444,1.1081,0.29084,0.66424,0.5928,0.81417,1.1699,0,0,1,1.5201
0.4,0.3,1.8594,1.1503,0.27881,0.81881,0.63145,0.82542,1.1511,0.087042,0.050508,0.83356,1.4863
0.4,0.3,1.6392,1.4067,0.26066,0.88314,0.85814,0.85814,1.1155,0.59756,0.19748,0.51916,1.4067
0.4,0.3,1.6687,1.4461,0.26053,0.92347,0.86658,0.86658,1.0933,0.61656,0.23537,0.32282,1.4155
0.4,0.3,1.5831,1.6415,0.25046,0.99966,1.0369,1.0369,1.0567,1,1,0,1.3999
