a,t0,Kp,Ti,Td,beta,Jdi,Jdo,Jr,JdiNorm,JdoNorm,JrNorm,Ms
1,1.2,0.9128,2.0668,0.53586,0.8348,2.2678,2.4273,3.0281,0,0,1,1.6507
1,1.2,0.89254,2.4497,0.61041,0.9989,2.7447,2.7447,2.8021,1,1,0,1.5992
