a,t0,Kp,Ti,Td,beta,Jdi,Jr,JdiNorm,JrNorm,Ms
1,0.2,6.8668,1.2536,0.30369,0.8173,0.18256,0.91044,0,1,1.9935
1,0.2,6.8626,1.2571,0.31077,0.5852,0.18318,0.82894,0.0016785,0.62015,1.9865
1,0.2,6.8467,1.2536,0.33781,0.60651,0.18314,0.83969,0.0015639,0.67026,1.9898
1,0.2,6.5887,3.6395,0.36612,0.96865,0.55238,0.69588,1,0,1.9746
