a,t0,Kp,Ti,Td,beta,Jdi,Jr,JdiNorm,JrNorm,Ms
0.3,1.4,0.74681,1.7625,0.38324,0.88963,2.3601,2.6969,1,0,1.7621
0.3,1.4,0.72267,1.689,0.37235,0.85455,2.3371,2.74,0,1,1.7394
