a,t0,Kp,Ti,Td,beta,Jdi,Jr,JdiNorm,JrNorm,Ms
0.3,1.6,0.48954,1.3662,0.63751,0.98248,3.0911,3.5045,0,1,1.4501
