a,t0,Kp,Ti,Td,beta,Jdi,Jr,JdiNorm,JrNorm,Ms
0.5,1.9,0.46391,1.6765,0.77823,0.98745,3.8208,4.133,0,1,1.4342
