a,t0,Kp,Ti,Td,beta,Jdi,Jr,JdiNorm,JrNorm,Ms
0.3,1,0.88736,1.6857,0.32275,0.95071,1.8996,2.0608,0,1,1.7099
