a,t0,Kp,Ti,Td,beta,Jdi,Jr,JdiNorm,JrNorm,Ms
0.2,1.6,0.54045,1.2628,0.64075,1,2.7882,3.4094,0,1,1.5295
