a,t0,Kp,Ti,Td,beta,Jdi,Jr,JdiNorm,JrNorm,Ms
0.4,1.3,0.57463,1.5378,0.32448,0.96074,2.6762,2.8889,1,0,1.5436
0.4,1.3,0.57485,1.521,0.3324,0.96363,2.6466,2.8994,0,1,1.5439
