a,t0,Kp,Ti,Td,beta,Jdi,Jr,JdiNorm,JrNorm,Ms
0,0.7,1.1678,1.1426,0.16223,0.73166,0.97842,1.3126,0,1,1.7002
