a,t0,Kp,Ti,Td,beta,Jdi,Jr,JdiNorm,JrNorm,Ms
0.4,1.7,0.47335,1.5508,0.69383,0.9904,3.4524,3.7321,1,0,1.4239
0.4,1.7,0.47317,1.5472,0.69475,0.98499,3.4503,3.739,0,1,1.4237
0.4,1.7,0.47314,1.5475,0.69467,0.98526,3.4506,3.7387,0.17625,0.95844,1.4237
