a,t0,Kp,Ti,Td,beta,Jdi,Jr,JdiNorm,JrNorm,Ms
0.6,1.9,0.45968,1.7265,0.81605,0.97834,3.9681,4.2929,0,1,1.4159
0.6,1.9,0.45717,1.7229,0.81706,0.98948,3.9812,4.2913,0.41149,0.096307,1.4127
0.6,1.9,0.45534,1.7304,0.81494,0.99374,4,4.2912,1,0,1.4101
