a,t0,Kp,Ti,Td,beta,Jdi,Jr,JdiNorm,JrNorm,Ms
1,1.3,0.88233,2.4165,0.60703,0.92739,2.7387,2.9826,0,1,1.6422
