a,t0,Kp,Ti,Td,beta,Jdi,Jr,JdiNorm,JrNorm,Ms
0.7,2,0.45691,1.8196,0.8725,0.99316,4.2109,4.538,0,1,1.4137
0.7,2,0.4569,1.8198,0.87246,0.99379,4.2111,4.5373,1,0,1.4137
