a,t0,Kp,Ti,Td,beta,Jdi,Jr,JdiNorm,JrNorm,Ms
0.7,0.9,0.98424,1.7787,0.44724,0.91235,1.8079,2.3243,0,1,1.6112
0.7,0.9,0.9841,1.7816,0.44784,0.91487,1.811,2.3226,0.065741,0.78675,1.6106
0.7,0.9,0.98148,1.7835,0.44765,0.9137,1.8177,2.3224,0.20504,0.76282,1.6081
0.7,0.9,0.98216,1.7868,0.44854,0.91549,1.8198,2.3202,0.24868,0.47719,1.6082
0.7,0.9,0.97938,1.7888,0.44833,0.91157,1.8269,2.3201,0.39794,0.45854,1.6054
0.7,0.9,0.97106,1.8018,0.44928,0.90081,1.8557,2.3165,1,0,1.5963
