a,t0,Kp,Ti,Td,beta,Jdi,Jr,JdiNorm,JrNorm,Ms
0,2,0.6487,1.8387,0.42166,0.93005,2.8344,3.1748,0,1,1.7914
