a,t0,Kp,Ti,Td,beta,Jdi,Jr,JdiNorm,JrNorm,Ms
0.2,1.7,0.55549,1.311,0.66876,0.99999,2.841,3.548,0,1,1.5624
0.2,1.7,0.48028,1.3389,0.66731,0.98384,3.1203,3.5419,1,0,1.4493
0.2,1.7,0.50502,1.3114,0.67744,0.99999,3.0142,3.5469,0.62008,0.81081,1.4859
0.2,1.7,0.49504,1.3182,0.67573,1,3.0538,3.5434,0.76177,0.25228,1.4712
