a,t0,Kp,Ti,Td,beta,Jdi,Jr,JdiNorm,JrNorm,Ms
0.1,1.6,0.73966,1.728,0.3745,0.97961,2.3362,2.7423,0,1,1.8439
