a,t0,Kp,Ti,Td,beta,Jdi,Jr,JdiNorm,JrNorm,Ms
0.5,1.7,0.47855,1.5888,0.73691,0.99208,3.5321,3.8555,0,1,1.4198
