a,t0,Kp,Ti,Td,beta,Jdi,Jr,JdiNorm,JrNorm,Ms
0.1,1.2,0.52733,1.1302,0.46629,0.964,2.3458,2.6801,0.02812,0.90416,1.3897
0.1,1.2,0.52587,1.1153,0.47648,0.96788,2.3433,2.6918,0,1,1.3875
0.1,1.2,0.53066,1.1681,0.45983,0.96865,2.3608,2.6546,0.20045,0.69388,1.3874
0.1,1.2,0.54324,1.2747,0.41856,1,2.4069,2.571,0.72764,0.0066081,1.4
0.1,1.2,0.54289,1.2823,0.41468,1,2.416,2.5703,0.83174,0.00038324,1.4
0.1,1.2,0.54229,1.2937,0.40889,0.99976,2.4307,2.5702,1,0,1.3999
