a,t0,Kp,Ti,Td,beta,Jdi,Jr,JdiNorm,JrNorm,Ms
0.8,0.2,3.0165,1.0128,0.38025,0.66026,0.41945,1.3028,0,1,1.414
0.8,0.2,2.9954,1.2926,0.32274,0.59309,0.44165,1.1608,0.16011,0.64206,1.4112
0.8,0.2,2.9048,1.4222,0.32831,0.72916,0.48959,1.1183,0.50582,0.53473,1.3928
0.8,0.2,2.9492,1.4487,0.32634,0.73961,0.49123,1.1008,0.51767,0.49085,1.3997
0.8,0.2,2.949,1.4697,0.32448,0.74223,0.49838,1.0939,0.5692,0.47326,1.3999
0.8,0.2,3.6489,1.8307,0.36112,0.78809,0.5017,0.93411,0.59317,0.070509,1.5116
0.8,0.2,3.6512,1.9935,0.3629,0.83289,0.54599,0.90807,0.91259,0.004865,1.5132
0.8,0.2,3.6263,2.021,0.36418,0.83346,0.55731,0.90746,0.99419,0.0033264,1.5095
0.8,0.2,3.6309,2.0264,0.36405,0.83084,0.55811,0.90614,1,0,1.5103
