a,t0,Kp,Ti,Td,beta,Jdi,Jr,JdiNorm,JrNorm,Ms
0,1.1,0.8765,1.3512,0.25401,0.89583,1.5416,1.8984,0,1,1.743
0,1.1,0.86116,1.4124,0.25194,0.88475,1.6401,1.8744,0.31035,0.05136,1.7117
0,1.1,0.85889,1.4119,0.25174,0.88794,1.6438,1.8743,0.322,0.048647,1.7088
0,1.1,0.77589,1.4425,0.27902,0.99977,1.8591,1.8731,1,0,1.5999
