a,t0,Kp,Ti,Td,beta,Jdi,Jr,JdiNorm,JrNorm,Ms
0.9,1.7,0.72645,2.3277,0.55048,0.98308,3.2043,3.6168,0,1,1.6901
