a,t0,Kp,Ti,Td,beta,Jdi,Jr,JdiNorm,JrNorm,Ms
0.5,0.6,0.90204,1.1517,0.43047,0.99999,1.468,2.0763,0,1,1.4
0.5,0.6,0.90323,1.2722,0.40028,1,1.5033,1.9763,0.11834,0.59881,1.4
0.5,0.6,0.9048,1.3655,0.38032,0.99985,1.5481,1.9142,0.26834,0.34984,1.4
0.5,0.6,0.90739,1.511,0.35505,1,1.6656,1.8397,0.66258,0.05081,1.4
0.5,0.6,0.90215,1.5934,0.33417,0.97763,1.7662,1.827,1,0,1.3848
