a,t0,Kp,Ti,Td,beta,Jdi,Jr,JdiNorm,JrNorm,Ms
0.5,0.5,1.2051,1.4516,0.29817,0.81834,1.2045,1.5915,0,1,1.4811
0.5,0.5,1.0648,1.6408,0.29803,0.99976,1.5409,1.5628,1,0,1.3999
