a,t0,Kp,Ti,Td,beta,Jdi,Jr,JdiNorm,JrNorm,Ms
0.8,2,0.56625,2.2221,0.57257,0.98098,3.9241,4.096,0,1,1.5808
