a,t0,Kp,Ti,Td,beta,Jdi,Jr,JdiNorm,JrNorm,Ms
0.8,0.3,1.9769,1.3518,0.39372,0.77236,0.73263,1.4917,0.041302,0.99443,1.3973
0.8,0.3,2.0094,1.3854,0.37803,0.62046,0.72347,1.4936,0,1,1.4066
0.8,0.3,1.9448,1.4208,0.38555,0.70365,0.75886,1.4804,0.15966,0.96139,1.3883
0.8,0.3,1.9192,1.4947,0.35761,0.79539,0.7839,1.4297,0.27262,0.81345,1.3959
0.8,0.3,1.9201,1.5012,0.35798,0.79457,0.78589,1.4272,0.28161,0.80614,1.3958
0.8,0.3,1.921,1.5074,0.35835,0.7974,0.78785,1.4247,0.29044,0.79881,1.3957
0.8,0.3,1.9236,1.53,0.3598,0.8037,0.796,1.4162,0.32722,0.77404,1.3954
0.8,0.3,1.927,1.5586,0.36424,0.8107,0.80882,1.4078,0.38505,0.74947,1.3949
0.8,0.3,1.9506,1.682,0.3551,0.83399,0.86228,1.3568,0.62624,0.60075,1.4
0.8,0.3,1.9515,1.7402,0.35124,0.83879,0.89173,1.3363,0.75911,0.54072,1.3998
0.8,0.3,1.9516,1.7456,0.35085,0.84051,0.89443,1.3343,0.77131,0.5351,1.3998
0.8,0.3,1.9525,1.7523,0.35044,0.83976,0.89746,1.3318,0.78497,0.52761,1.4
0.8,0.3,1.9519,1.7564,0.35015,0.8413,0.89985,1.3305,0.79574,0.52386,1.3998
0.8,0.3,1.9522,1.7673,0.34945,0.84214,0.90526,1.3266,0.82018,0.51264,1.3998
0.8,0.3,1.9523,1.7726,0.34907,0.84383,0.90797,1.3247,0.83239,0.50703,1.3998
0.8,0.3,1.9533,1.7796,0.34862,0.84324,0.91106,1.322,0.84634,0.4992,1.4
0.8,0.3,1.9534,1.7849,0.34824,0.84492,0.91377,1.3201,0.85856,0.4936,1.4
0.8,0.3,1.9535,1.7903,0.34786,0.84659,0.91649,1.3182,0.87081,0.48799,1.4
0.8,0.3,1.9529,1.7943,0.34768,0.84565,0.91881,1.3171,0.8813,0.48464,1.3998
0.8,0.3,1.9539,1.8066,0.34686,0.84685,0.92462,1.3125,0.90749,0.47124,1.4
0.8,0.3,1.9539,1.8118,0.34651,0.84847,0.92727,1.3107,0.91946,0.46601,1.4
0.8,0.3,1.9545,1.8177,0.34657,0.85043,0.92999,1.3088,0.93171,0.46046,1.4
0.8,0.3,1.9546,1.8224,0.34679,0.85223,0.93238,1.3075,0.9425,0.45684,1.3998
0.8,0.3,1.9554,1.8285,0.34698,0.8546,0.9351,1.3057,0.95479,0.45141,1.3998
0.8,0.3,1.9564,1.8354,0.3467,0.85849,0.93818,1.3032,0.96868,0.44414,1.4
0.8,0.3,1.9573,1.8417,0.34701,0.86056,0.94093,1.3014,0.98107,0.43881,1.4
0.8,0.3,1.9572,1.8463,0.34718,0.86228,0.94332,1.3002,0.99189,0.43542,1.3998
0.8,0.3,2.3227,2.1952,0.38276,0.92197,0.94512,1.1511,1,0,1.4775
