a,t0,Kp,Ti,Td,beta,Jdi,Jr,JdiNorm,JrNorm,Ms
0.4,0.3,1.8539,1.1218,0.25236,0.76131,0.61671,1.1507,0,1,1.4955
0.4,0.3,1.8758,1.6114,0.25705,0.94452,0.85903,0.99169,1,0,1.4829
