a,t0,Kp,Ti,Td,beta,Jdi,Jr,JdiNorm,JrNorm,Ms
0.1,1.5,0.50226,1.3478,0.52281,0.99456,2.7999,3.0237,0,1,1.4262
