a,t0,Kp,Ti,Td,beta,Jdi,Jr,JdiNorm,JrNorm,Ms
0.3,0.2,3.541,0.94519,0.18955,0.56049,0.26693,0.7114,0,1,1.77
0.3,0.2,3.3363,1.0681,0.19303,0.67675,0.32014,0.69062,0.32149,0.21536,1.6968
0.3,0.2,3.0112,1.2599,0.19316,0.80541,0.41841,0.68779,0.9153,0.1085,1.5967
0.3,0.2,3.0114,1.3022,0.19361,0.82045,0.43243,0.68492,1,0,1.5958
