a,t0,Kp,Ti,Td,beta,Jdi,Jr,JdiNorm,JrNorm,Ms
1,1.3,0.62129,1.6584,0.79752,1,3.0643,3.7734,0,1,1.4
1,1.3,0.5882,1.8273,0.8406,0.9572,3.3051,3.7733,0.73874,0.99982,1.388
1,1.3,0.58814,1.8289,0.8406,0.9573,3.3067,3.773,0.74344,0.9987,1.388
1,1.3,0.61624,2.0855,0.61732,0.99985,3.3903,3.504,1,0,1.3999
