a,t0,Kp,Ti,Td,beta,Jdi,Jr,JdiNorm,JrNorm,Ms
0.6,1.4,0.72971,1.8447,0.44216,0.95968,2.528,3.0406,0,1,1.6881
0.6,1.4,0.71126,1.875,0.42069,0.94725,2.6362,3.0338,1,0,1.6676
