a,t0,Kp,Ti,Td,beta,Jdi,Jr,JdiNorm,JrNorm,Ms
0.6,1.7,0.65048,2.0273,0.504,0.97459,3.1165,3.4201,0,1,1.6637
