a,t0,Kp,Ti,Td,beta,Jdi,Jr,JdiNorm,JrNorm,Ms
0.3,1.2,0.5245,1.1501,0.59072,1,2.5433,3.0012,0,1,1.3928
0.3,1.2,0.52893,1.2192,0.53897,0.97533,2.551,2.936,0.046399,0.60476,1.3987
0.3,1.2,0.52763,1.409,0.45493,0.99979,2.7086,2.8363,1,0,1.3999
