a,t0,Kp,Ti,Td,beta,Jdi,Jr,JdiNorm,JrNorm,Ms
1,1.2,0.87084,2.1773,0.54232,0.83291,2.5002,2.9969,0,1,1.5922
