a,t0,Kp,Ti,Td,beta,Jdi,Jr,JdiNorm,JrNorm,Ms
0.5,2,0.54994,1.9696,0.48544,0.98358,3.5816,3.8474,0,1,1.6377
0.5,2,0.54542,1.9743,0.48693,0.98293,3.6198,3.8471,1,0,1.6275
