a,t0,Kp,Ti,Td,beta,Jdi,Jr,JdiNorm,JrNorm,Ms
0.4,1.9,0.47192,1.614,0.7437,0.98897,3.645,3.9817,0,1,1.4569
