a,t0,Kp,Ti,Td,beta,Jdi,Jr,JdiNorm,JrNorm,Ms
0.4,1.9,0.64009,2.0709,0.49023,0.96,3.2354,3.4992,0,1,1.744
