a,t0,Kp,Ti,Td,beta,Jdi,Jr,JdiNorm,JrNorm,Ms
0.6,0.8,1.1028,1.638,0.41842,0.81077,1.4894,2.0833,0,1,1.6721
