a,t0,Kp,Ti,Td,beta,Jdi,Jr,JdiNorm,JrNorm,Ms
0,1,0.83189,1.2868,0.21691,0.96767,1.5468,1.7875,0,1,1.6319
