a,t0,Kp,Ti,Td,beta,Jdi,Jr,JdiNorm,JrNorm,Ms
1,1.5,0.90047,2.4732,0.63641,0.87792,2.7465,3.2709,0,1,1.7832
