a,t0,Kp,Ti,Td,beta,Jdi,Jr,JdiNorm,JrNorm,Ms
0.5,0.9,0.96662,1.8634,0.42759,0.95683,1.9278,2.0361,0,1,1.6542
