a,t0,Kp,Ti,Td,beta,Jdi,Jr,JdiNorm,JrNorm,Ms
0.7,1.1,0.79584,1.7226,0.42765,0.95833,2.1823,2.7513,1,0,1.5982
0.7,1.1,0.80832,1.72,0.4298,0.86403,2.1512,2.7625,0,1,1.6113
0.7,1.1,0.79693,1.7227,0.42786,0.91702,2.1797,2.7552,0.9155,0.34603,1.5993
0.7,1.1,0.7966,1.7227,0.4278,0.92657,2.1805,2.7539,0.94234,0.2288,1.5989
