a,t0,Kp,Ti,Td,beta,Jdi,Jr,JdiNorm,JrNorm,Ms
0.4,0.9,0.81458,1.3291,0.29079,0.89937,1.722,2.2786,0,1,1.6474
