a,t0,Kp,Ti,Td,beta,Jdi,Jr,JdiNorm,JrNorm,Ms
1,1,0.94293,2.036,0.5181,0.86589,2.1608,2.7319,0,1,1.5464
1,1,0.9391,2.0445,0.51912,0.86612,2.1782,2.7308,1,0,1.5422
