a,t0,Kp,Ti,Td,beta,Jdi,Jr,JdiNorm,JrNorm,Ms
0.6,1,0.64577,1.38,0.57608,1,2.3618,2.8551,0,1,1.4
0.6,1,0.64557,1.39,0.57162,1,2.3661,2.8462,0.017572,0.94312,1.4
0.6,1,0.64532,1.4032,0.56586,1,2.3722,2.8347,0.042128,0.8699,1.4
0.6,1,0.64526,1.4065,0.56443,1,2.3738,2.8319,0.04847,0.85206,1.4
0.6,1,0.64504,1.4196,0.55888,1,2.3803,2.821,0.074646,0.7826,1.4
0.6,1,0.64484,1.4327,0.55354,1,2.3871,2.8106,0.10213,0.71616,1.4
0.6,1,0.6416,1.6721,0.46594,0.99996,2.6095,2.6984,1,0,1.4
