a,t0,Kp,Ti,Td,beta,Jdi,Jr,JdiNorm,JrNorm,Ms
0.9,1.8,0.69298,2.3506,0.56216,0.97264,3.392,3.7754,0,1,1.6782
