a,t0,Kp,Ti,Td,beta,Jdi,Jr,JdiNorm,JrNorm,Ms
0,0.8,1.0787,1.2762,0.19094,0.91233,1.183,1.3994,0,1,1.7053
0,0.8,1.0655,1.2867,0.19092,0.92054,1.2076,1.3965,1,0,1.6897
