a,t0,Kp,Ti,Td,beta,Jdi,Jr,JdiNorm,JrNorm,Ms
0.2,1.7,0.5285,1.3141,0.67158,0.99252,2.9295,3.5394,0,1,1.5203
