a,t0,Kp,Ti,Td,beta,Jdi,Jr,JdiNorm,JrNorm,Ms
1,1.1,0.9743,2.0425,0.53607,0.8477,2.1026,2.2479,2.8541,0.00051626,0,0.98048,1.6427
1,1.1,0.97214,2.0373,0.53452,0.84805,2.1023,2.2546,2.8585,0,0.019729,1,1.6417
1,1.1,0.94775,2.4502,0.59154,0.99977,2.5853,2.5853,2.6348,1,1,0,1.5998
