a,t0,Kp,Ti,Td,beta,Jdi,Jr,JdiNorm,JrNorm,Ms
0,1.1,0.60938,1.0624,0.42365,0.93721,1.9388,2.3311,0,1,1.4206
0,1.1,0.59588,1.1004,0.39137,1,1.9889,2.2852,0.28154,0.5202,1.4
0,1.1,0.59587,1.1053,0.38938,1,1.9919,2.282,0.29833,0.48777,1.4
0,1.1,0.59586,1.1069,0.38873,0.99998,1.9929,2.2811,0.30403,0.4774,1.4
0,1.1,0.59584,1.115,0.38544,1,1.9981,2.2761,0.33304,0.42612,1.4
0,1.1,0.59581,1.123,0.38225,1,2.0035,2.2715,0.3631,0.37801,1.4
0,1.1,0.59577,1.1309,0.37909,1,2.009,2.2672,0.39418,0.33282,1.4
0,1.1,0.59413,1.2429,0.33593,0.99995,2.1169,2.2353,1,0,1.4
