a,t0,Kp,Ti,Td,beta,Jdi,Jr,JdiNorm,JrNorm,Ms
0.1,1.8,0.42941,1.3543,0.64138,0.99956,3.3693,3.6221,0.27896,0.25218,1.4
0.1,1.8,0.43008,1.3612,0.63429,0.99998,3.3701,3.6152,0.30362,0.10974,1.4015
0.1,1.8,0.42822,1.3302,0.66447,0.97948,3.3607,3.6581,0,1,1.3968
0.1,1.8,0.4292,1.3719,0.62385,0.99885,3.3827,3.613,0.70971,0.065393,1.4014
0.1,1.8,0.42917,1.3766,0.61884,0.99809,3.3863,3.6111,0.82542,0.025623,1.4019
0.1,1.8,0.42882,1.3811,0.61419,0.99816,3.3918,3.6099,1,0,1.402
