a,t0,Kp,Ti,Td,beta,Jdi,Jr,JdiNorm,JrNorm,Ms
1,1.1,0.87587,2.1994,0.54343,0.91681,2.5111,2.8185,0,1,1.5349
