a,t0,Kp,Ti,Td,beta,Jdi,Jr,JdiNorm,JrNorm,Ms
1,0.5,1.6041,1.9076,0.44664,0.90085,1.1892,1.8132,0,1,1.4933
1,0.5,1.4529,2.27,0.45793,0.94393,1.5623,1.7493,1,0,1.426
