a,t0,Kp,Ti,Td,beta,Jdi,Jr,JdiNorm,JrNorm,Ms
0.9,0.5,1.4472,1.624,0.431,0.71541,1.1555,1.9173,0.41387,0.93471,1.4664
0.9,0.5,1.5702,1.5654,0.47717,0.63085,1.0599,1.938,0,1,1.5155
0.9,0.5,1.5447,1.8005,0.41466,0.77891,1.1656,1.7703,0.45743,0.46941,1.5038
0.9,0.5,1.7049,1.9919,0.41201,0.81295,1.1683,1.6264,0.46934,0.014102,1.5697
0.9,0.5,1.6221,2.0939,0.41896,0.88727,1.2909,1.622,1,0,1.5282
