a,t0,Kp,Ti,Td,beta,Jdi,Jr,JdiNorm,JrNorm,Ms
0.9,1.2,0.63191,1.6529,0.70151,0.99999,2.8729,3.4358,0,1,1.4
0.9,1.2,0.6317,1.6688,0.69443,1,2.88,3.4217,0.025162,0.92077,1.4
0.9,1.2,0.63156,1.6807,0.68925,1,2.8857,3.4116,0.044929,0.86365,1.4
0.9,1.2,0.63151,1.6846,0.68756,1,2.8876,3.4083,0.051689,0.84504,1.4
0.9,1.2,0.63143,1.6925,0.68424,1,2.8915,3.4018,0.065461,0.80848,1.4
0.9,1.2,0.62877,1.9828,0.57456,0.99997,3.1573,3.2583,1,0,1.4
