a,t0,Kp,Ti,Td,beta,Jdi,Jr,JdiNorm,JrNorm,Ms
0.4,0.5,0.97616,0.96742,0.36214,0.95637,1.2164,1.4902,1.8699,0.037643,1,0.93677,1.3999
0.4,0.5,0.97642,0.97306,0.36018,0.96098,1.2166,1.487,1.8637,0.038409,0.97489,0.9192,1.4
0.4,0.5,0.97718,0.98351,0.35702,0.96135,1.2168,1.4808,1.8524,0.039314,0.92609,0.88731,1.4
0.4,0.5,0.97863,1.0042,0.35109,0.96974,1.2178,1.469,1.8308,0.042899,0.83333,0.82653,1.4
0.4,0.5,0.97898,1.0093,0.34966,0.97368,1.2182,1.4661,1.8256,0.044175,0.81105,0.81184,1.4
0.4,0.5,1.0093,1.2823,0.32747,0.99998,1.2932,1.3629,1.6279,0.31483,0,0.25519,1.3999
0.4,0.5,0.97949,1.0884,0.32724,1,1.233,1.4321,1.7536,0.097511,0.54402,0.60912,1.4
0.4,0.5,0.98013,1.1283,0.3177,1,1.2437,1.4176,1.7217,0.13629,0.43017,0.51932,1.4
0.4,0.5,1.0033,1.205,0.32776,0.99974,1.254,1.3736,1.6693,0.17337,0.084476,0.37178,1.4
0.4,0.5,0.97783,1.1302,0.31546,1,1.2466,1.4195,1.7205,0.14647,0.44456,0.51604,1.4
0.4,0.5,0.96686,1.0191,0.33905,0.98059,1.2316,1.4744,1.8182,0.092436,0.87586,0.79109,1.4
0.4,0.5,0.9917,1.1752,0.3176,0.99977,1.25,1.392,1.6871,0.1589,0.22914,0.42202,1.4
0.4,0.5,0.99826,1.1883,0.32279,0.99996,1.25,1.3821,1.6788,0.15903,0.15084,0.39841,1.4
0.4,0.5,0.99259,1.1751,0.31863,0.99905,1.2492,1.3911,1.6873,0.15595,0.22187,0.42242,1.4
0.4,0.5,0.98764,0.95235,0.40306,0.93559,1.2059,1.4706,1.8924,0,0.84592,1,1.3953
0.4,0.5,1.0259,1.5217,0.29118,0.97191,1.4832,1.4832,1.5373,1,0.9454,0,1.3927
