a,t0,Kp,Ti,Td,beta,Jdi,Jr,JdiNorm,JrNorm,Ms
1,1.1,1.0252,2.1921,0.61034,0.93809,2.1422,2.7487,0,1,1.6781
