a,t0,Kp,Ti,Td,beta,Jdi,Jr,JdiNorm,JrNorm,Ms
0,0.5,1.0465,0.76709,0.19352,0.88965,0.84889,1.2889,0,1,1.3801
0,0.5,1.0611,0.81905,0.18628,0.83714,0.85573,1.2631,0.031853,0.85391,1.3855
0,0.5,1.0854,0.90233,0.17263,1,0.87297,1.1809,0.11205,0.3898,1.4
0,0.5,1.0699,1.1382,0.13613,0.99992,1.0638,1.1119,1,0,1.4
