a,t0,Kp,Ti,Td,beta,Jdi,Jr,JdiNorm,JrNorm,Ms
1,1.7,0.72428,2.382,0.56362,0.94383,3.2888,3.7068,0,1,1.6591
