a,t0,Kp,Ti,Td,beta,Jdi,Jdo,Jr,JdiNorm,JdoNorm,JrNorm,Ms
0.8,0.3,2.2445,1.7625,0.39946,0.82298,0.78526,0.81413,1.2838,0.55281,0,0.75716,1.4628
0.8,0.3,2.441,1.6811,0.37907,0.7565,0.68871,0.8195,1.2439,0.28272,0.041025,0.52928,1.5118
0.8,0.3,2.383,1.5924,0.38528,0.74322,0.66821,0.85051,1.2887,0.22536,0.27778,0.78512,1.4979
0.8,0.3,2.567,1.5085,0.36054,0.53516,0.58765,0.87999,1.3264,0,0.50279,1,1.5498
0.8,0.3,2.3227,2.1952,0.38276,0.92197,0.94512,0.94512,1.1511,1,1,0,1.4775
