a,t0,Kp,Ti,Td,beta,Jdi,Jr,JdiNorm,JrNorm,Ms
0,0.7,1.1677,1.1429,0.16225,0.73154,0.97879,1.3126,0,1,1.7
