a,t0,Kp,Ti,Td,beta,Jdi,Jr,JdiNorm,JrNorm,Ms
0.8,0.8,1.0545,1.8354,0.47987,0.85107,1.7434,2.261,0,1,1.5485
0.8,0.8,1.0534,1.8366,0.47999,0.85409,1.7463,2.2603,0.015779,0.95303,1.5476
0.8,0.8,1.0306,1.8368,0.47316,0.92609,1.784,2.2592,0.227,0.86834,1.5313
0.8,0.8,1.028,1.8413,0.47404,0.92477,1.7927,2.2586,0.27594,0.82466,1.529
0.8,0.8,1.0244,1.8556,0.47842,0.92485,1.8125,2.2545,0.38641,0.51894,1.5251
0.8,0.8,1.0243,1.8755,0.48709,0.89497,1.832,2.2539,0.49562,0.47441,1.5235
0.8,0.8,1.0238,1.8786,0.48839,0.89564,1.8358,2.2533,0.5167,0.42411,1.523
0.8,0.8,0.99407,1.9041,0.48914,0.96156,1.9156,2.2476,0.96372,0.00021879,1.5004
0.8,0.8,0.99203,1.9067,0.48959,0.96307,1.9221,2.2476,1,0,1.4988
