a,t0,Kp,Ti,Td,beta,Jdi,Jr,JdiNorm,JrNorm,Ms
0,1.1,0.60939,1.0624,0.42365,0.9372,1.9388,2.3311,0,1,1.4207
0,1.1,0.59363,1.064,0.40219,0.95839,1.9738,2.3302,0.19693,0.99021,1.3989
0,1.1,0.59589,1.0906,0.39541,1,1.9832,2.2917,0.24924,0.58836,1.4
0,1.1,0.59588,1.1004,0.39137,1,1.9889,2.2852,0.28168,0.52025,1.4
0,1.1,0.59585,1.1118,0.38674,1,1.996,2.2781,0.32143,0.44624,1.4
0,1.1,0.59577,1.1309,0.37908,1,2.009,2.2672,0.3943,0.33286,1.4
0,1.1,0.59576,1.1325,0.37846,1,2.0101,2.2664,0.40063,0.32417,1.4
0,1.1,0.59568,1.145,0.37355,1,2.0194,2.2601,0.45281,0.25887,1.4
0,1.1,0.59413,1.2429,0.33593,0.99995,2.1169,2.2353,1,0,1.4
