a,t0,Kp,Ti,Td,beta,Jdi,Jr,JdiNorm,JrNorm,Ms
0.7,0.3,3.2628,1.4339,0.309,0.76243,0.43949,1.0759,0,1,1.8416
0.7,0.3,2.7702,1.7552,0.3552,0.76191,0.63361,1.0622,0.92931,0.56981,1.6573
0.7,0.3,2.7734,1.7608,0.35521,0.77328,0.63489,1.057,0.9354,0.40781,1.6584
0.7,0.3,2.7876,1.8074,0.35573,0.79525,0.64838,1.044,1,0,1.6634
