a,t0,Kp,Ti,Td,beta,Jdi,Jdo,Jr,JdiNorm,JdoNorm,JrNorm,Ms
0.1,1.4,0.64153,1.5288,0.47391,0.99992,2.4018,2.4177,2.5452,0.84553,0.79352,0.6365,1.5957
0.1,1.4,0.66816,1.4286,0.29336,0.9909,2.1459,2.2994,2.586,0,0,1,1.707
0.1,1.4,0.63791,1.5616,0.32028,0.99999,2.4481,2.4481,2.4902,0.99855,0.99706,0.14619,1.6014
0.1,1.4,0.64594,1.5816,0.38059,0.99903,2.4485,2.4485,2.4737,1,1,0,1.5994
