a,t0,Kp,Ti,Td,beta,Jdi,Jr,JdiNorm,JrNorm,Ms
0.3,1.5,0.51545,1.3883,0.6151,0.9409,2.9195,3.3183,0,1,1.4472
0.3,1.5,0.51547,1.392,0.61401,0.94692,2.9215,3.3116,0.045705,0.68521,1.4471
0.3,1.5,0.51546,1.3937,0.61353,0.94725,2.9226,3.3102,0.069866,0.62135,1.447
0.3,1.5,0.50972,1.3997,0.61194,0.96516,2.9505,3.3049,0.71531,0.37396,1.4395
0.3,1.5,0.51119,1.4028,0.6111,0.9567,2.9462,3.3061,0.61637,0.42824,1.4413
0.3,1.5,0.5109,1.4095,0.60953,0.96085,2.9519,3.2999,0.74778,0.13612,1.4407
0.3,1.5,0.50864,1.4111,0.6091,0.97006,2.9628,3.297,1,0,1.4378
