a,t0,Kp,Ti,Td,beta,Jdi,Jr,JdiNorm,JrNorm,Ms
0.3,0.5,1.1384,1.1838,0.21356,0.78565,1.0418,1.4641,0,1,1.535
