a,t0,Kp,Ti,Td,beta,Jdi,Jr,JdiNorm,JrNorm,Ms
0.2,1.4,0.60913,1.3048,0.93973,1,2.4982,3.0226,0,1,1.9655
