a,t0,Kp,Ti,Td,beta,Jdi,Jr,JdiNorm,JrNorm,Ms
0.9,1.6,0.70612,2.2472,0.53157,0.96444,3.1824,3.5029,0,1,1.6284
