a,t0,Kp,Ti,Td,beta,Jdi,Jr,JdiNorm,JrNorm,Ms
1,0.9,1.0985,1.9407,0.52136,0.90624,1.7855,2.5551,0,1,1.603
1,0.9,1.099,1.9492,0.52427,0.906,1.7908,2.5501,0.019424,0.85912,1.6019
1,0.9,1.0929,1.9605,0.5263,0.88994,1.8085,2.5451,0.084528,0.71816,1.5957
1,0.9,1.0853,1.967,0.52628,0.88688,1.8253,2.5448,0.14663,0.70867,1.5891
1,0.9,1.0639,2.0082,0.53465,0.86689,1.8947,2.5367,0.40242,0.48165,1.5679
1,0.9,1.0294,2.06,0.54408,0.97621,2.0037,2.5267,0.80399,0.19833,1.5378
1,0.9,1.0165,2.0892,0.55324,0.94384,2.0568,2.5197,1,0,1.5266
