a,t0,Kp,Ti,Td,beta,Jdi,Jr,JdiNorm,JrNorm,Ms
0.8,1.1,0.85528,2.0869,0.50268,0.94007,2.44,2.6276,0,1,1.574
