a,t0,Kp,Ti,Td,beta,Jdi,Jr,JdiNorm,JrNorm,Ms
0.8,0.1,7.083,1.1038,0.26352,0.67464,0.15584,0.68914,0,1,1.4519
0.8,0.1,6.3409,1.3657,0.27126,0.72123,0.21538,0.68382,0.24622,0.93505,1.3984
0.8,0.1,6.5381,1.4333,0.26867,0.74648,0.21923,0.66205,0.26214,0.66935,1.4096
0.8,0.1,6.6284,1.5985,0.26732,0.80635,0.24116,0.64163,0.35282,0.42011,1.4131
0.8,0.1,6.6312,1.5984,0.26729,0.80698,0.24104,0.6417,0.35235,0.42096,1.4132
0.8,0.1,6.6297,1.5837,0.26732,0.80589,0.23888,0.64404,0.34341,0.44943,1.4133
0.8,0.1,6.3333,1.9112,0.27076,0.86282,0.30177,0.63418,0.60348,0.3291,1.3922
0.8,0.1,6.4725,1.7991,0.26908,0.83817,0.27797,0.63437,0.50504,0.33145,1.4016
0.8,0.1,6.4075,1.9926,0.26981,0.8795,0.31099,0.62702,0.64159,0.24169,1.3963
0.8,0.1,6.3292,2.0981,0.27077,0.89426,0.3315,0.62598,0.72641,0.229,1.391
0.8,0.1,6.4364,2.5595,0.26871,0.94709,0.39766,0.60721,1,0,1.3958
