a,t0,Kp,Ti,Td,beta,Jdi,Jr,JdiNorm,JrNorm,Ms
0.3,1.6,0.47105,1.4745,0.62664,0.99357,3.2622,3.4858,0,1,1.41
