a,t0,Kp,Ti,Td,beta,Jdi,Jr,JdiNorm,JrNorm,Ms
0.6,0.1,7.857,0.81855,0.21729,0.38802,0.10547,0.64576,0,1,1.6027
0.6,0.1,7.2369,0.87219,0.22302,0.46048,0.12063,0.64431,0.097535,0.95901,1.546
0.6,0.1,7.1417,0.87154,0.22407,0.48028,0.12238,0.64343,0.1088,0.93411,1.5383
0.6,0.1,7.0353,0.91006,0.2247,0.59306,0.12936,0.62081,0.15366,0.29475,1.5268
0.6,0.1,7.1478,0.92594,0.22328,0.67359,0.12954,0.61186,0.15485,0.041961,1.5348
0.6,0.1,5.5876,1.451,0.23449,0.8075,0.25968,0.61109,0.99207,0.020186,1.3998
0.6,0.1,5.5885,1.4581,0.23466,0.80947,0.26091,0.61038,1,0,1.3998
