a,t0,Kp,Ti,Td,beta,Jdi,Jr,JdiNorm,JrNorm,Ms
0.6,0.4,1.9083,1.3702,0.32837,0.65118,0.71976,1.3917,0,1,1.636
0.6,0.4,1.9872,1.485,0.31539,0.64478,0.74728,1.3304,0.14929,0.41787,1.6717
0.6,0.4,1.808,1.5645,0.32372,0.777,0.86533,1.3298,0.78982,0.41266,1.5792
0.6,0.4,1.8456,1.634,0.32429,0.80929,0.88532,1.2927,0.8983,0.060591,1.5929
0.6,0.4,1.8441,1.6672,0.33653,0.80421,0.90407,1.2863,1,0,1.5934
