a,t0,Kp,Ti,Td,beta,Jdi,Jr,JdiNorm,JrNorm,Ms
0.7,1.2,0.91197,2.2005,0.57659,0.974,2.4129,2.5844,0,1,1.7454
