a,t0,Kp,Ti,Td,beta,Jdi,Jr,JdiNorm,JrNorm,Ms
0.6,0.7,0.83299,1.2727,0.48627,0.99991,1.7283,2.3322,0,1,1.4
0.6,0.7,0.85865,1.7392,0.38726,0.99548,2.0256,2.0492,1,0,1.3981
