a,t0,Kp,Ti,Td,beta,Jdi,Jr,JdiNorm,JrNorm,Ms
0.4,0.5,1.0021,1.0575,0.36108,0.98072,1.2061,1.78,0,1,1.4
0.4,0.5,1.0028,1.1185,0.3475,0.99986,1.2218,1.7304,0.056454,0.79545,1.4
0.4,0.5,1.0259,1.5217,0.29118,0.97191,1.4832,1.5373,1,0,1.3927
