a,t0,Kp,Ti,Td,beta,Jdi,Jr,JdiNorm,JrNorm,Ms
0.6,0.9,0.9755,1.6513,0.40696,0.86414,1.6943,1.8143,2.2725,0,0,1,1.6526
0.6,0.9,0.94546,1.7758,0.42184,0.98075,1.8782,1.8782,2.2072,0.48876,0.24959,0.59867,1.6043
0.6,0.9,0.94374,1.7984,0.42614,0.9447,1.9056,1.9056,2.1914,0.56164,0.35655,0.5013,1.6003
0.6,0.9,0.94187,1.7922,0.42433,0.97988,1.9028,1.9028,2.1977,0.55408,0.34546,0.54012,1.5992
0.6,0.9,0.94742,1.9617,0.45814,0.99971,2.0706,2.0706,2.1098,1,1,0,1.5998
