a,t0,Kp,Ti,Td,beta,Jdi,Jdo,Jr,JdiNorm,JdoNorm,JrNorm,Ms
1,1.3,0.87828,2.1151,0.54437,0.85027,2.41,2.5722,3.1679,0,0,1,1.6724
1,1.3,0.83143,2.4385,0.61782,0.99981,2.9328,2.9328,2.9837,1,1,0,1.5999
