a,t0,Kp,Ti,Td,beta,Jdi,Jr,JdiNorm,JrNorm,Ms
0,1.7,0.50845,1.4581,0.30108,0.99187,2.8677,2.9889,0,1,1.5546
