a,t0,Kp,Ti,Td,beta,Jdi,Jr,JdiNorm,JrNorm,Ms
0.6,1.1,0.91704,1.9483,0.65918,0.95258,2.1397,2.4441,0,1,1.8039
