a,t0,Kp,Ti,Td,beta,Jdi,Jr,JdiNorm,JrNorm,Ms
0.2,1.6,0.50485,1.3423,0.61676,0.99788,2.9321,3.3265,0,1,1.4603
0.2,1.6,0.50443,1.4178,0.58974,0.94658,2.9769,3.3032,1,0,1.4565
