a,t0,Kp,Ti,Td,beta,Jdi,Jr,JdiNorm,JrNorm,Ms
0,0.8,0.94423,0.93603,0.30179,0.76848,1.1576,1.7338,0,1,1.5719
0,0.8,0.9435,0.93865,0.30179,0.771,1.1588,1.7315,0.0054311,0.99302,1.5717
0,0.8,0.94278,0.94102,0.30179,0.77248,1.1601,1.7296,0.010708,0.98737,1.5714
0,0.8,0.94217,0.94345,0.30179,0.77659,1.1612,1.727,0.015663,0.97968,1.5712
0,0.8,0.9415,0.94603,0.30179,0.77906,1.1625,1.7247,0.021081,0.97292,1.571
0,0.8,0.9408,0.94858,0.30179,0.78062,1.1638,1.7227,0.026715,0.96695,1.5708
0,0.8,0.94028,0.95109,0.30179,0.78485,1.1649,1.7201,0.031524,0.95899,1.5708
0,0.8,0.93959,0.9543,0.30179,0.78526,1.1664,1.7179,0.037984,0.9524,1.5707
0,0.8,0.93907,0.95644,0.30179,0.78899,1.1675,1.7156,0.042595,0.94574,1.5705
0,0.8,0.93844,0.95989,0.30179,0.79009,1.169,1.7131,0.049265,0.93823,1.5705
0,0.8,0.93795,0.96208,0.30179,0.7936,1.1701,1.7109,0.053974,0.93167,1.5704
0,0.8,0.97345,1.1083,0.24264,0.9413,1.1715,1.5527,0.059735,0.46004,1.6
0,0.8,0.97473,1.3549,0.2067,0.99854,1.3901,1.3984,1,0,1.5991
