a,t0,Kp,Ti,Td,beta,Jdi,Jr,JdiNorm,JrNorm,Ms
0.3,0.4,1.3986,1.2863,0.23431,0.83544,0.91976,1.2067,0,1,1.4975
