a,t0,Kp,Ti,Td,beta,Jdi,Jr,JdiNorm,JrNorm,Ms
0.7,1,0.91634,1.8515,0.45458,0.84536,2.0205,2.4684,0,1,1.6181
0.7,1,0.95107,1.9791,0.49873,0.90322,2.081,2.3678,1,0,1.641
