a,t0,Kp,Ti,Td,beta,Jdi,Jr,JdiNorm,JrNorm,Ms
0.4,1.6,0.62131,1.8264,0.42357,0.99277,2.9396,3.1123,0,1,1.6386
0.4,1.6,0.62598,1.8421,0.42632,0.99329,2.9427,3.1031,1,0,1.6421
