a,t0,Kp,Ti,Td,beta,Jdi,Jr,JdiNorm,JrNorm,Ms
0.8,1.8,0.51171,1.6784,0.86739,0.97632,3.7512,4.4,0,1,1.448
0.8,1.8,0.47242,1.8978,0.77118,0.99738,4.1194,4.3296,0.92995,0.11239,1.3993
0.8,1.8,0.4721,1.922,0.74839,0.99997,4.1471,4.3207,1,0,1.4
