a,t0,Kp,Ti,Td,beta,Jdi,Jr,JdiNorm,JrNorm,Ms
0.4,0.5,1.3744,1.3703,0.31152,0.76493,0.99798,1.4479,0,1,1.5964
0.4,0.5,1.3732,1.3715,0.31164,0.76718,0.99971,1.4475,0.21646,0.9048,1.5955
0.4,0.5,1.3721,1.3724,0.31173,0.76934,1.0011,1.4471,0.39328,0.81021,1.5948
0.4,0.5,1.3727,1.3749,0.31274,0.77474,1.0025,1.445,0.56932,0.34317,1.595
0.4,0.5,1.3722,1.3792,0.31424,0.77834,1.006,1.4435,1,0,1.5945
