a,t0,Kp,Ti,Td,beta,Jdi,Jr,JdiNorm,JrNorm,Ms
0.5,0.3,1.6284,0.78656,0.38379,0.73012,0.72477,1.6545,0,1,1.3992
0.5,0.3,1.6303,1.0322,0.33177,0.81522,0.73111,1.4159,0.018724,0.56456,1.4
0.5,0.3,1.6367,1.1177,0.31892,0.83777,0.74193,1.3592,0.050692,0.46104,1.4
0.5,0.3,1.6447,1.3568,0.28751,0.87669,0.82498,1.2419,0.29618,0.24685,1.3997
0.5,0.3,1.614,1.2854,0.29476,0.79221,0.80201,1.2891,0.22827,0.333,1.3783
0.5,0.3,1.6672,1.7249,0.27479,0.9814,1.0346,1.1176,0.9158,0.02004,1.3999
0.5,0.3,1.6709,1.7666,0.27795,0.99542,1.0572,1.1093,0.98258,0.0048726,1.3997
0.5,0.3,1.6729,1.7785,0.27846,0.99985,1.0631,1.1067,1,0,1.4
