a,t0,Kp,Ti,Td,beta,Jdi,Jr,JdiNorm,JrNorm,Ms
0.3,2,0.40544,1.4722,0.81504,1,3.9443,4.2494,0,1,1.3917
0.3,2,0.40089,1.5623,0.72078,0.98319,4.0463,4.2466,1,0,1.3929
