a,t0,Kp,Ti,Td,beta,Jdi,Jr,JdiNorm,JrNorm,Ms
0.4,0.3,2.2442,1.2381,0.24804,0.73669,0.55171,1.0129,0,1,1.6355
0.4,0.3,2.2176,1.3217,0.24386,0.78316,0.59601,0.98805,0.32268,0.33445,1.6208
0.4,0.3,2.2162,1.3263,0.24399,0.78612,0.59847,0.987,0.34055,0.30643,1.62
0.4,0.3,2.1009,1.4475,0.24886,0.84134,0.689,0.97555,1,0,1.5689
