a,t0,Kp,Ti,Td,beta,Jdi,Jr,JdiNorm,JrNorm,Ms
0.9,2,0.53591,2.1214,0.51994,0.98115,3.9626,4.354,0,1,1.5849
