a,t0,Kp,Ti,Td,beta,Jdi,Jr,JdiNorm,JrNorm,Ms
0.6,0.1,7.5508,0.85975,0.21983,0.41012,0.11387,0.64945,0,1,1.5729
0.6,0.1,7.2322,0.86856,0.22313,0.47872,0.12036,0.63925,0.044089,0.73897,1.5459
0.6,0.1,7.1228,0.83506,0.22491,0.50439,0.12026,0.6473,0.04341,0.94495,1.5399
0.6,0.1,7.1665,0.92469,0.22309,0.67464,0.12903,0.61136,0.10307,0.02505,1.5364
0.6,0.1,5.59,1.4528,0.23452,0.80803,0.25989,0.61078,0.99307,0.010203,1.4
0.6,0.1,5.5884,1.4581,0.23466,0.80946,0.26091,0.61038,1,0,1.3998
