a,t0,Kp,Ti,Td,beta,Jdi,Jr,JdiNorm,JrNorm,Ms
0.4,0.1,8.7391,0.61717,0.17263,0.51077,0.073722,0.49797,0,1,1.8548
0.4,0.1,8.6653,0.62764,0.17348,0.51426,0.07482,0.49652,0.021621,0.98214,1.8422
0.4,0.1,8.3727,0.66631,0.17679,0.56757,0.079996,0.493,0.12359,0.93873,1.7967
0.4,0.1,8.3862,0.67637,0.17959,0.57277,0.080736,0.48949,0.13815,0.89555,1.794
0.4,0.1,8.3794,0.67558,0.17689,0.59092,0.080648,0.49008,0.13643,0.90271,1.7958
0.4,0.1,8.349,0.68435,0.17731,0.55868,0.081968,0.48784,0.16241,0.8752,1.7907
0.4,0.1,8.3716,0.68725,0.18007,0.59388,0.082093,0.4872,0.16488,0.86722,1.7908
0.4,0.1,8.3728,0.68771,0.17714,0.56835,0.082136,0.48574,0.16574,0.8493,1.7931
0.4,0.1,8.4048,0.6917,0.17994,0.57531,0.082298,0.4841,0.16893,0.829,1.7942
0.4,0.1,8.3625,0.69841,0.1805,0.57997,0.083518,0.484,0.19295,0.82788,1.7883
0.4,0.1,8.3873,0.70413,0.17726,0.56652,0.083952,0.48016,0.2015,0.78044,1.7924
0.4,0.1,8.3365,0.74428,0.1776,0.58615,0.08928,0.47087,0.30646,0.66594,1.7999
0.4,0.1,8.42,0.71775,0.17716,0.55827,0.085244,0.47531,0.22695,0.72071,1.7946
0.4,0.1,8.4398,0.71639,0.17696,0.54454,0.084882,0.47566,0.21983,0.725,1.7972
0.4,0.1,8.4403,0.72626,0.17709,0.53958,0.086047,0.4737,0.24278,0.70089,1.7961
0.4,0.1,8.5048,0.86042,0.1826,0.63997,0.10117,0.44058,0.54065,0.29264,1.7959
0.4,0.1,8.769,0.88791,0.17575,0.67306,0.10125,0.4298,0.54234,0.1598,1.8237
0.4,0.1,8.4841,1.0321,0.17911,0.7474,0.12165,0.42188,0.94416,0.062177,1.7856
0.4,0.1,8.4636,1.0413,0.17934,0.75027,0.12304,0.42168,0.97137,0.05977,1.7831
0.4,0.1,8.8615,0.7923,0.17418,0.62306,0.089409,0.44201,0.309,0.31024,1.8409
0.4,0.1,8.5877,1.0683,0.17836,0.76521,0.1244,0.4169,0.99823,0.00081952,1.7969
0.4,0.1,8.5902,0.99258,0.17796,0.73525,0.11555,0.42296,0.82388,0.075471,1.7988
0.4,0.1,8.5887,1.0692,0.17835,0.76589,0.12449,0.41683,1,0,1.797
