a,t0,Kp,Ti,Td,beta,Jdi,Jr,JdiNorm,JrNorm,Ms
0.9,0.8,1.0094,1.8365,0.46703,0.91725,1.8266,2.3889,0,1,1.4984
0.9,0.8,1.0226,1.9447,0.50671,0.89579,1.9031,2.347,0.42711,0.11903,1.4924
0.9,0.8,0.98897,1.9833,0.51354,0.9568,2.0058,2.3414,1,0,1.4682
