a,t0,Kp,Ti,Td,beta,Jdi,Jr,JdiNorm,JrNorm,Ms
0.3,1.4,0.52712,1.2853,0.58567,1,2.7448,3.1929,0,1,1.4528
0.3,1.4,0.4832,1.4435,0.51915,0.9998,3.0489,3.1907,1,0,1.3999
