a,t0,Kp,Ti,Td,beta,Jdi,Jr,JdiNorm,JrNorm,Ms
0.4,0.6,1.1438,1.3549,0.29365,0.87376,1.1855,1.6517,0,1,1.5869
0.4,0.6,1.1421,1.3666,0.29508,0.87465,1.1971,1.6462,0.1727,0.81924,1.583
0.4,0.6,1.1325,1.4155,0.30094,0.88548,1.2499,1.6251,0.96302,0.1213,1.5669
0.4,0.6,1.1338,1.4193,0.30165,0.88512,1.2518,1.6228,0.99168,0.047197,1.5672
0.4,0.6,1.135,1.4214,0.30212,0.88469,1.2524,1.6214,1,0,1.5676
