a,t0,Kp,Ti,Td,beta,Jdi,Jr,JdiNorm,JrNorm,Ms
0.4,0.7,1.1112,1.4084,0.31432,0.74725,1.2681,1.7945,0,1,1.6702
0.4,0.7,1.1093,1.4149,0.31484,0.74791,1.2759,1.792,0.48448,0.45606,1.6672
0.4,0.7,1.1071,1.4216,0.31535,0.74767,1.2843,1.7898,1,0,1.6639
