a,t0,Kp,Ti,Td,beta,Jdi,Jr,JdiNorm,JrNorm,Ms
0.6,0.5,1.2765,1.4454,0.35318,0.82192,1.1442,1.696,0,1,1.4797
0.6,0.5,1.2984,1.4788,0.37277,0.79721,1.1485,1.687,0.04838,0.67951,1.4821
0.6,0.5,1.2387,1.5288,0.33842,0.8454,1.2342,1.668,1,0,1.4615
