a,t0,Kp,Ti,Td,beta,Jdi,Jr,JdiNorm,JrNorm,Ms
0.8,0.1,9.3415,0.71813,0.26077,0.56421,0.091353,0.70216,0,1,1.6186
0.8,0.1,9.0006,3.4954,0.26691,0.98004,0.38835,0.49676,1,0,1.5887
