a,t0,Kp,Ti,Td,beta,Jdi,Jr,JdiNorm,JrNorm,Ms
0.4,0.1,9.8469,0.57153,0.17796,0.61192,0.061746,0.48166,0,1,1.9926
0.4,0.1,8.2271,1.8539,0.20282,0.91492,0.22534,0.38986,1,0,1.8117
