a,t0,Kp,Ti,Td,beta,Jdi,Jdo,Jr,JdiNorm,JdoNorm,JrNorm,Ms
0.6,0.3,2.5205,1.4722,0.3235,0.83826,0.5841,0.76474,1.1175,0,0.33868,1,1.6244
