a,t0,Kp,Ti,Td,beta,Jdi,Jr,JdiNorm,JrNorm,Ms
0.5,1.8,0.45324,1.6452,0.75413,0.99722,3.7959,4.0435,1,0,1.4039
0.5,1.8,0.4502,1.6054,0.76879,0.98046,3.7788,4.0829,0,1,1.4014
