a,t0,Kp,Ti,Td,beta,Jdi,Jr,JdiNorm,JrNorm,Ms
0.6,0.7,1.1405,1.6146,0.4099,0.90244,1.4191,1.9368,0,1,1.5982
0.6,0.7,1.136,1.6173,0.40963,0.8983,1.4267,1.9366,0.35318,0.85849,1.5946
0.6,0.7,1.1291,1.6221,0.40942,0.89365,1.4392,1.9364,0.93428,0.72675,1.5889
0.6,0.7,1.1293,1.624,0.41022,0.89351,1.4406,1.9355,1,0,1.5889
