a,t0,Kp,Ti,Td,beta,Jdi,Jr,JdiNorm,JrNorm,Ms
0.7,0.7,0.8669,1.4078,0.49539,0.99992,1.773,2.3548,0,1,1.4
0.7,0.7,0.86711,1.4145,0.49369,0.99992,1.7748,2.3493,0.0054792,0.9768,1.4
0.7,0.7,0.87013,1.531,0.46573,0.99999,1.8206,2.2633,0.1405,0.61362,1.4
0.7,0.7,0.8705,1.8384,0.39918,0.99984,2.1119,2.1181,1,0,1.3999
