a,t0,Kp,Ti,Td,beta,Jdi,Jr,JdiNorm,JrNorm,Ms
0,1.8,0.54287,1.6035,0.35491,0.99313,2.9537,3.0028,0,1,1.5805
