a,t0,Kp,Ti,Td,beta,Jdi,Jr,JdiNorm,JrNorm,Ms
0.4,0.7,1.1124,1.4063,0.31423,0.74806,1.2649,1.7948,0,1,1.6717
0.4,0.7,1.1128,1.4124,0.31502,0.75145,1.2697,1.7906,0.30838,0.10202,1.6707
0.4,0.7,1.1085,1.4192,0.31525,0.74847,1.2806,1.7901,1,0,1.6655
