a,t0,Kp,Ti,Td,beta,Jdi,Jr,JdiNorm,JrNorm,Ms
0.2,0.6,0.83994,0.99584,0.30634,1,1.3082,1.7176,0,1,1.4
0.2,0.6,0.83517,1.1365,0.26929,0.99999,1.3919,1.6319,0.37134,0.30458,1.4
0.2,0.6,0.83371,1.1924,0.25669,1,1.4408,1.6097,0.58805,0.12429,1.4
0.2,0.6,0.82976,1.2725,0.23712,0.99977,1.5336,1.5944,1,0,1.3999
