a,t0,Kp,Ti,Td,beta,Jdi,Jr,JdiNorm,JrNorm,Ms
0.9,1.3,0.93258,2.354,0.67617,0.90343,2.5245,2.8788,0,1,1.7644
