a,t0,Kp,Ti,Td,beta,Jdi,Jr,JdiNorm,JrNorm,Ms
0.3,0.1,8.7986,0.51652,0.15294,0.45401,0.0639,0.45725,0,1,2
0.3,0.1,8.8053,0.54141,0.15424,0.6672,0.06431,0.45605,0.68693,0.026761,1.9929
0.3,0.1,8.758,0.52555,0.15577,0.58834,0.064497,0.45602,1,0,1.9998
