a,t0,Kp,Ti,Td,beta,Jdi,Jr,JdiNorm,JrNorm,Ms
1,0.8,1.1271,1.8659,0.49265,0.85638,1.6827,2.4348,0,1,1.5501
1,0.8,1.1212,1.912,0.50749,0.8506,1.7211,2.4179,1,0,1.5377
