a,t0,Kp,Ti,Td,beta,Jdi,Jr,JdiNorm,JrNorm,Ms
0.5,1,0.98888,1.9321,0.49963,0.96598,1.9538,2.1424,0,1,1.7909
