a,t0,Kp,Ti,Td,beta,Jdi,Jr,JdiNorm,JrNorm,Ms
0.1,1.6,0.70612,1.7546,0.37666,0.93588,2.4849,2.7248,0,1,1.7716
