a,t0,Kp,Ti,Td,beta,Jdi,Jr,JdiNorm,JrNorm,Ms
0.1,1.8,0.53722,1.6377,0.37075,0.99225,3.0485,3.1369,0,1,1.5942
