a,t0,Kp,Ti,Td,beta,Jdi,Jr,JdiNorm,JrNorm,Ms
0.1,0.3,1.9139,0.79766,0.14212,0.76444,0.43852,0.86117,0,1,1.5997
0.1,0.3,1.915,0.85427,0.13634,0.78474,0.45428,0.83359,0.076393,0.80329,1.5996
0.1,0.3,1.9154,0.86374,0.13555,0.78524,0.45749,0.82935,0.091954,0.77306,1.5996
0.1,0.3,1.9156,0.86837,0.13517,0.78842,0.45913,0.8273,0.099883,0.75844,1.5996
0.1,0.3,1.9164,0.88633,0.13385,0.79491,0.46588,0.81958,0.13262,0.70335,1.5996
0.1,0.3,1.9178,0.89989,0.13293,0.79834,0.47126,0.8138,0.15867,0.66215,1.5999
0.1,0.3,1.9189,0.92774,0.13135,0.80719,0.4839,0.80279,0.21995,0.58358,1.5996
0.1,0.3,1.8627,1.2011,0.11315,0.94378,0.64482,0.72097,1,0,1.5574
