a,t0,Kp,Ti,Td,beta,Jdi,Jr,JdiNorm,JrNorm,Ms
0.1,1.3,0.52884,1.2698,0.46868,0.99109,2.5082,2.7354,0,1,1.4096
