a,t0,Kp,Ti,Td,beta,Jdi,Jr,JdiNorm,JrNorm,Ms
0.3,1.7,0.55109,1.4499,0.67085,0.96004,2.9633,3.5525,0,1,1.546
0.3,1.7,0.55023,1.4509,0.67058,0.96975,2.9667,3.5485,1,0,1.5446
