a,t0,Kp,Ti,Td,beta,Jdi,Jr,JdiNorm,JrNorm,Ms
0.2,0.6,0.82678,1.0064,0.29349,1,1.328,1.7128,0,1,1.4
0.2,0.6,0.82816,1.0514,0.28352,0.99991,1.3476,1.6815,0.093253,0.73017,1.4
0.2,0.6,0.83003,1.1715,0.25835,1,1.4275,1.619,0.47426,0.19031,1.4
0.2,0.6,0.82727,1.2721,0.23559,0.99886,1.5378,1.597,1,0,1.3996
