a,t0,Kp,Ti,Td,beta,Jdi,Jr,JdiNorm,JrNorm,Ms
0.6,1.8,0.57405,1.9946,0.48562,0.98259,3.4745,3.645,0,1,1.597
