a,t0,Kp,Ti,Td,beta,Jdi,Jr,JdiNorm,JrNorm,Ms
0,0.6,0.97822,0.86331,0.24703,0.87353,0.99444,1.4336,0,1,1.4396
0,0.6,0.92225,1.1471,0.16843,0.9986,1.244,1.3119,1,0,1.3995
