a,t0,Kp,Ti,Td,beta,Jdi,Jr,JdiNorm,JrNorm,Ms
0.7,1.9,0.74459,2.4762,0.571,0.97976,3.3255,3.7284,1,0,1.8462
0.7,1.9,0.74637,2.481,0.57149,0.98011,3.324,3.7285,0,1,1.8495
