a,t0,Kp,Ti,Td,beta,Jdi,Jr,JdiNorm,JrNorm,Ms
0.3,1.9,0.46716,1.5914,0.69737,0.99368,3.5757,3.8427,0,1,1.4569
0.3,1.9,0.46168,1.7047,0.40431,0.9876,3.6924,3.7173,1,0,1.5248
