a,t0,Kp,Ti,Td,beta,Jdi,Jr,JdiNorm,JrNorm,Ms
0.7,0.6,1.1788,1.6373,0.3706,0.88284,1.389,1.8834,0,1,1.5069
0.7,0.6,1.001,1.8215,0.36247,1,1.8197,1.8829,0.94579,0.92409,1.4
0.7,0.6,1.0014,1.8253,0.36385,0.99854,1.8227,1.8827,0.95247,0.8862,1.3998
0.7,0.6,1.0026,1.8322,0.36512,0.99995,1.8274,1.8799,0.96273,0.46971,1.4
0.7,0.6,1.0033,1.8375,0.36624,0.99999,1.8315,1.8787,0.97168,0.28595,1.4
0.7,0.6,1.004,1.8429,0.36789,0.99997,1.8356,1.8779,0.98065,0.15705,1.4
0.7,0.6,1.0045,1.8481,0.3687,0.99997,1.8398,1.8773,0.99,0.066147,1.4
0.7,0.6,1.005,1.8535,0.3695,1,1.8444,1.8768,1,0,1.4
