a,t0,Kp,Ti,Td,beta,Jdi,Jr,JdiNorm,JrNorm,Ms
0.1,1.9,0.42764,1.4139,0.64014,0.96962,3.4987,3.762,0,1,1.4163
