a,t0,Kp,Ti,Td,beta,Jdi,Jr,JdiNorm,JrNorm,Ms
0.9,0.9,0.92002,1.7499,0.41019,0.81503,1.9534,2.6527,0,1,1.5645
0.9,0.9,0.91996,1.7668,0.39767,0.82157,1.9569,2.6386,0.23937,0.28531,1.5709
0.9,0.9,0.91473,1.7673,0.3973,0.84761,1.9668,2.6338,0.92279,0.036847,1.5666
0.9,0.9,0.91414,1.7674,0.39726,0.85154,1.9679,2.6331,1,0,1.5661
