a,t0,Kp,Ti,Td,beta,Jdi,Jr,JdiNorm,JrNorm,Ms
0.2,0.3,1.4325,0.76737,0.21979,0.86059,0.63984,1.1807,0,1,1.4
0.2,0.3,1.4312,0.78987,0.21556,0.87379,0.64415,1.1642,0.015285,0.93467,1.4
0.2,0.3,1.43,0.88401,0.20119,0.90724,0.66701,1.1051,0.096247,0.70004,1.4
0.2,0.3,1.3279,1.1045,0.23714,0.90833,0.83936,1.105,0.70671,0.69966,1.3761
0.2,0.3,1.4233,1.3125,0.14638,0.99967,0.92217,0.92865,1,0,1.3999
