a,t0,Kp,Ti,Td,beta,Jdi,Jr,JdiNorm,JrNorm,Ms
0.3,1.2,0.65756,1.3375,0.30399,0.83297,2.1798,2.7124,0,1,1.6632
0.3,1.2,0.63427,1.363,0.30469,0.86889,2.2343,2.6876,0.26418,0.50685,1.6149
0.3,1.2,0.63225,1.3652,0.30474,0.86848,2.24,2.6873,0.29175,0.50069,1.6109
0.3,1.2,0.59371,1.409,0.30456,0.9358,2.3861,2.6621,1,0,1.5403
