a,t0,Kp,Ti,Td,beta,Jdi,Jr,JdiNorm,JrNorm,Ms
0.6,2,0.44359,1.7787,0.83346,0.98942,4.19,4.457,1,0,1.409
0.6,2,0.43906,1.743,0.84724,0.98466,4.1887,4.49,0,1,1.4041
