a,t0,Kp,Ti,Td,beta,Jdi,Jr,JdiNorm,JrNorm,Ms
0.5,1.1,0.57898,1.3224,0.5683,1,2.5248,2.959,0,1,1.4
0.5,1.1,0.57907,1.3252,0.56734,1,2.5258,2.9565,0.0049156,0.98106,1.4
0.5,1.1,0.57933,1.3335,0.56453,1,2.5287,2.9492,0.020131,0.92559,1.4
0.5,1.1,0.57941,1.3362,0.56358,1,2.5297,2.9468,0.02536,0.90756,1.4
0.5,1.1,0.57973,1.347,0.55978,1,2.5338,2.9375,0.047052,0.83775,1.4
0.5,1.1,0.5803,1.368,0.55224,1,2.5428,2.9204,0.094016,0.70865,1.4
0.5,1.1,0.5821,1.5722,0.47455,0.99996,2.7162,2.8266,1,0,1.4
