a,t0,Kp,Ti,Td,beta,Jdi,Jr,JdiNorm,JrNorm,Ms
0.4,1.7,0.47328,1.5508,0.69382,0.99014,3.4528,3.7326,1,0,1.4238
0.4,1.7,0.47305,1.5469,0.69483,0.98503,3.4507,3.7394,0,1,1.4236
