a,t0,Kp,Ti,Td,beta,Jdi,Jr,JdiNorm,JrNorm,Ms
0.8,1.2,0.94328,2.2066,0.60071,0.9459,2.3393,2.6667,0,1,1.7427
