a,t0,Kp,Ti,Td,beta,Jdi,Jr,JdiNorm,JrNorm,Ms
0.2,1.9,0.55184,1.4796,0.68493,1,3.0442,3.7016,0,1,1.5993
0.2,1.9,0.55172,1.5512,0.64173,1,3.0538,3.5977,0.039617,0.72029,1.6
0.2,1.9,0.55133,1.5851,0.62174,1,3.0654,3.5531,0.087507,0.60011,1.6
0.2,1.9,0.55121,1.5949,0.61627,1,3.0696,3.5408,0.10479,0.56697,1.6
0.2,1.9,0.55115,1.6013,0.6128,1,3.0725,3.5328,0.117,0.54557,1.6
0.2,1.9,0.55102,1.6139,0.60612,1,3.0788,3.5175,0.14302,0.50437,1.6
0.2,1.9,0.55021,1.8075,0.52503,0.99997,3.2865,3.3302,1,0,1.6
