a,t0,Kp,Ti,Td,beta,Jdi,Jr,JdiNorm,JrNorm,Ms
0.3,0.6,1.3313,1.35,0.28036,0.8403,1.014,1.4568,0,1,1.7621
0.3,0.6,1.3205,1.3621,0.28047,0.84741,1.0315,1.4532,0.41577,0.44033,1.7508
0.3,0.6,1.3058,1.3789,0.28066,0.86902,1.056,1.4503,1,0,1.7358
