a,t0,Kp,Ti,Td,beta,Jdi,Jr,JdiNorm,JrNorm,Ms
0.3,0.7,0.74909,1.0968,0.37005,0.99998,1.6087,2.0223,0,1,1.4
0.3,0.7,0.75064,1.1454,0.35732,1,1.6285,1.9851,0.091799,0.72178,1.4
0.3,0.7,0.75089,1.1548,0.35488,1,1.6331,1.9786,0.11279,0.67262,1.4
0.3,0.7,0.75189,1.2,0.34341,1,1.6584,1.9497,0.22991,0.45675,1.4
0.3,0.7,0.75276,1.2683,0.3266,0.99999,1.7093,1.9149,0.46524,0.19591,1.4
0.3,0.7,0.75094,1.3702,0.29848,0.99995,1.825,1.8887,1,0,1.4
