a,t0,Kp,Ti,Td,beta,Jdi,Jr,JdiNorm,JrNorm,Ms
0.6,1.9,0.46013,1.7262,0.81612,0.97638,3.965,4.2934,0,1,1.4165
0.6,1.9,0.45717,1.7229,0.81705,0.98949,3.9813,4.2913,0.46639,0.052802,1.4127
0.6,1.9,0.45535,1.7304,0.81496,0.99371,3.9998,4.2912,1,0,1.4101
0.6,1.9,0.45952,1.7267,0.81599,0.97892,3.9693,4.2928,0.12351,0.70633,1.4157
