a,t0,Kp,Ti,Td,beta,Jdi,Jr,JdiNorm,JrNorm,Ms
0.3,0.7,0.76191,1.0325,0.40435,1,1.5686,2.0774,0,1,1.4
0.3,0.7,0.76143,1.0424,0.40027,1,1.572,2.0676,0.013143,0.94873,1.4
0.3,0.7,0.75227,1.3701,0.29996,0.99995,1.8217,1.8876,1,0,1.4
