a,t0,Kp,Ti,Td,beta,Jdi,Jr,JdiNorm,JrNorm,Ms
0.3,1.5,0.46842,1.3494,0.60942,0.99816,3.0983,3.3939,0.20195,0.56998,1.401
0.3,1.5,0.46607,1.36,0.59864,0.99932,3.1154,3.3903,0.31738,0.50125,1.3999
0.3,1.5,0.46603,1.3608,0.59774,0.99936,3.1161,3.3897,0.32189,0.4906,1.4
0.3,1.5,0.46634,1.3582,0.6006,0.99983,3.1131,3.3907,0.30183,0.50885,1.3999
0.3,1.5,0.46704,1.3534,0.60571,0.99983,3.1071,3.3928,0.26128,0.55007,1.3999
0.3,1.5,0.46483,1.3683,0.58965,1,3.1264,3.3865,0.39094,0.42873,1.4
0.3,1.5,0.47163,1.316,0.64478,0.99957,3.0682,3.4162,0,1,1.3995
0.3,1.5,0.46554,1.4635,0.55103,0.99996,3.2169,3.3643,1,0,1.4
