a,t0,Kp,Ti,Td,beta,Jdi,Jr,JdiNorm,JrNorm,Ms
0.2,0.5,0.95774,0.96909,0.26834,1,1.107,1.5205,0,1,1.4
0.2,0.5,0.95479,1.0908,0.2428,1,1.171,1.4474,0.26371,0.45257,1.4
0.2,0.5,0.9481,1.2799,0.20654,0.99994,1.3499,1.3869,1,0,1.4
