a,t0,Kp,Ti,Td,beta,Jdi,Jr,JdiNorm,JrNorm,Ms
1,1.4,0.77213,2.1622,0.53102,0.94335,2.8003,3.3334,0,1,1.6078
