a,t0,Kp,Ti,Td,beta,Jdi,Jr,JdiNorm,JrNorm,Ms
0.9,1,1.008,1.9845,0.52315,0.89217,1.9719,2.5974,0,1,1.6308
0.9,1,1.0084,1.9858,0.52368,0.89362,1.9725,2.5964,0.0055772,0.87183,1.631
0.9,1,0.9919,2.0014,0.52298,0.88023,2.0194,2.5954,0.45242,0.7299,1.6143
0.9,1,0.99196,2.0051,0.5241,0.88127,2.0229,2.5932,0.48585,0.43754,1.6139
0.9,1,0.99121,2.0083,0.52482,0.88246,2.0275,2.5917,0.52988,0.23369,1.6129
0.9,1,0.98625,2.014,0.52491,0.88477,2.0432,2.5908,0.6787,0.11282,1.6078
0.9,1,0.97726,2.0292,0.52657,0.87169,2.0769,2.59,1,0,1.5983
