a,t0,Kp,Ti,Td,beta,Jdi,Jr,JdiNorm,JrNorm,Ms
0.2,1.4,0.8504,1.6712,0.35974,0.74131,1.9682,2.6438,0,1,1.9811
0.2,1.4,0.77408,1.6261,0.35097,0.96291,2.1007,2.6232,1,0,1.8385
