a,t0,Kp,Ti,Td,beta,Jdi,Jr,JdiNorm,JrNorm,Ms
1,1.5,0.91404,2.5733,0.73511,0.94745,2.8154,3.1949,0,1,1.8225
