a,t0,Kp,Ti,Td,beta,Jdi,Jr,JdiNorm,JrNorm,Ms
0.1,0.2,1.9399,0.58183,0.1414,0.70398,0.36844,0.84231,0,1,1.3747
0.1,0.2,1.9366,0.58239,0.1414,0.71143,0.36921,0.84202,0.0031708,0.99874,1.3738
0.1,0.2,2.018,0.68242,0.1226,0.83137,0.36977,0.76208,0.0054878,0.64946,1.3998
0.1,0.2,2.016,0.75272,0.11617,0.85963,0.3885,0.73342,0.082929,0.52424,1.4
0.1,0.2,2.0155,0.7752,0.1144,0.86311,0.39565,0.72544,0.11252,0.48941,1.4
0.1,0.2,2.0154,0.79742,0.11271,0.87357,0.40326,0.71793,0.14396,0.45656,1.4
0.1,0.2,2.0115,0.89451,0.10688,0.89501,0.44494,0.69029,0.31634,0.33582,1.3988
0.1,0.2,1.9692,1.2018,0.08044,0.99795,0.61028,0.61343,1,0,1.3992
