a,t0,Kp,Ti,Td,beta,Jdi,Jr,JdiNorm,JrNorm,Ms
0.3,0.8,0.77907,1.2886,0.24705,0.92004,1.6602,1.9905,0,1,1.535
