a,t0,Kp,Ti,Td,beta,Jdi,Jr,JdiNorm,JrNorm,Ms
0,1.8,0.47735,1.1734,0.66897,0.99873,2.9958,3.5551,0,1,1.48
0,1.8,0.45784,1.1842,0.66738,0.99924,3.0672,3.5495,0.72105,0.96052,1.4504
0,1.8,0.45915,1.1825,0.66801,0.99925,3.062,3.5507,0.66874,0.96935,1.4528
0,1.8,0.46017,1.3055,0.60027,0.99993,3.0948,3.412,1,0,1.4338
