a,t0,Kp,Ti,Td,beta,Jdi,Jr,JdiNorm,JrNorm,Ms
0.2,0.2,2.7428,0.97356,0.14322,0.7178,0.35495,0.67125,0,1,1.5854
0.2,0.2,2.7219,1.0087,0.14312,0.75517,0.37058,0.66355,0.66473,0.29168,1.5766
0.2,0.2,2.7211,1.0116,0.1431,0.75867,0.37177,0.66289,0.71528,0.23052,1.5762
0.2,0.2,2.7242,1.014,0.14304,0.76158,0.37222,0.66182,0.73462,0.13253,1.577
0.2,0.2,2.7164,1.0245,0.14305,0.77433,0.37716,0.66053,0.94473,0.013128,1.574
0.2,0.2,2.7131,1.0268,0.14308,0.77568,0.37846,0.66038,1,0,1.5728
