a,t0,Kp,Ti,Td,beta,Jdi,Jr,JdiNorm,JrNorm,Ms
0.2,1.9,0.49349,1.3667,0.73524,0.99999,3.2644,3.8669,0,1,1.5133
0.2,1.9,0.49331,1.3668,0.73521,0.99999,3.2652,3.8667,1,0,1.513
