a,t0,Kp,Ti,Td,beta,Jdi,Jdo,Jr,JdiNorm,JdoNorm,JrNorm,Ms
0.7,0.4,1.6969,1.5915,0.35875,0.71434,0.93787,1.0532,1.4921,0.14608,0,0.43548,1.4934
0.7,0.4,1.6361,1.4433,0.35372,0.79857,0.89557,1.1422,1.5493,0.067771,0.25744,0.84741,1.4813
0.7,0.4,1.6794,1.3832,0.36638,0.8166,0.85896,1.1467,1.5705,0,0.27036,1,1.4959
0.7,0.4,1.4307,2.0018,0.36202,0.99995,1.3992,1.3992,1.4316,1,1,0,1.4
