a,t0,Kp,Ti,Td,beta,Jdi,Jdo,Jr,JdiNorm,JdoNorm,JrNorm,Ms
0.8,1,0.96426,1.8418,0.47572,0.85792,1.9142,2.0434,2.5789,0.00091474,0,0.89556,1.6399
0.8,1,0.95232,1.8141,0.46868,0.86127,1.9138,2.0771,2.6018,0,0.11507,1,1.6346
0.8,1,0.94321,2.2033,0.52997,0.99875,2.336,2.336,2.3825,1,1,0,1.5991
