a,t0,Kp,Ti,Td,beta,Jdi,Jdo,Jr,JdiNorm,JdoNorm,JrNorm,Ms
0.9,0.9,0.86702,1.7445,0.406,0.8965,2.0555,2.2497,2.6675,0,0,1,1.5253
0.9,0.9,0.86445,1.7476,0.40711,0.92711,2.0623,2.2497,2.6605,0.012051,3.5492e-05,0.75827,1.5216
0.9,0.9,0.83841,1.7756,0.39617,0.9206,2.1311,2.2732,2.6574,0.13436,0.063883,0.65092,1.5026
0.9,0.9,0.77421,2.0269,0.48143,0.99997,2.618,2.618,2.6385,1,1,0,1.4
