a,t0,Kp,Ti,Td,beta,Jdi,Jdo,Jr,JdiNorm,JdoNorm,JrNorm,Ms
0.2,1.7,0.45742,1.3497,0.6663,1,3.2297,3.3006,3.563,0,0,1,1.418
0.2,1.7,0.45643,1.3623,0.6596,0.99997,3.2416,3.3079,3.556,0.072179,0.061105,0.33557,1.416
0.2,1.7,0.45664,1.3576,0.66214,1,3.2378,3.3058,3.5589,0.049274,0.043195,0.60732,1.4165
0.2,1.7,0.44995,1.4,0.64154,0.99935,3.3017,3.3531,3.5542,0.43613,0.43542,0.15839,1.4057
0.2,1.7,0.44751,1.478,0.60847,0.99918,3.3949,3.4213,3.5525,1,1,0,1.3997
